"Guid","Name","SBQQ__MethodName__c","SBQQ__Version__c"
15ff0451-fb91-41d5-a890-8d3d0ead10d7,a2X8c0000054T1c,SBQQ.ProductRefFieldGenerator,228.7
1e641de4-7a95-4c26-b43b-0e17e7967b71,a2X8c0000054T1E,createExternalConfiguratorCustomAction,228.7
20fedaea-076d-4417-bf1b-78fbf439aca3,a2X8c0000054T1T,SBQQ.InstallProcessorBatchThemeGenerator,228.7
21cc6f75-4ee5-46bb-8d7d-8ec9d43b1837,a2X8c0000054T1P,SBQQ.InstallProcessorBatchRequiredByAsset,228.7
2249be4f-6e64-451b-9043-be9b74e1a1f0,a2X8c0000054T1V,SBQQ.DiscountScheduleRefFieldGenerator,228.7
228ac831-5280-45bb-9455-6c6bbb8d7499,a2X8c0000054T1W,updateOIsWithAssetsContractsSubs,228.7
29d30c3e-ee58-4595-959a-f3f4f69b67b5,a2X8c0000054T1Q,SBQQ.ReferencedFieldRemover,228.7
3d678e09-e0ec-4b1c-8e7a-7e916e18b706,a2X8c0000054T1C,createCustomActionsOnQLE,228.7
4e31f26d-a5c6-45a8-8dd0-5adb97ba42c8,a2X8c0000054T1F,createAmendSubscriptionsCustomQleAction,228.7
4e723b21-0525-45b4-b65b-2b9943ab0415,a2X8c0000054T1K,SBQQ.InstallProcessorBatchRegularPrice,228.7
56966641-4703-4b8d-aedf-9995b395efd9,a2X8c0000054T1U,SBQQ.InstallProcessorBatchAssetCombineKey,228.7
5e4b7a27-0c2d-4b66-8a93-b0beb7d225ba,a2X8c0000054T1D,createViewConsumptionScheduleLineAction,228.7
654ebc46-ffa0-42a0-a1fc-cf998412f6af,a2X8c0000054T1I,enableFlagToPreventBackdatedAmendments,228.7
660778a5-9bd3-4feb-b6ad-ddb5220e9337,a2X8c0000054T1R,SBQQ.InstallProcessorBatchLocalizationIndex,228.7
8dda67a3-c64d-4f17-b87f-3f61d146c923,a2X8c0000054T1Z,SBQQ.PriceRuleRefFieldGenerator,228.7
8e1d9244-9648-4636-a64e-f44c3dcf5a3d,a2X8c0000054T1g,SBQQ.RootIdSetterChildSubscriptions,228.7
94246a82-acc4-4330-b9d8-eb5c061c83a4,a2X8c0000054T1X,SBQQ.SummaryVarRefFieldGenerator,228.7
9a212988-d284-4764-bab8-2af350dc14a7,a2X8c0000054T1f,SBQQ.RootIdSetterParentAssets,228.7
9c621ffb-e83d-49e4-bf8b-1931831131be,a2X8c0000054T1Y,SBQQ.ProductRuleRefFieldGenerator,228.7
9ce10e47-e24e-431f-a5a6-e710739b3c32,a2X8c0000054T1H,createConfiguratorEditRulesAction,228.7
b5661280-f48d-4ee7-98be-27fed810487c,a2X8c0000054T1b,SBQQ.CustomActionRefFieldGenerator,228.7
b5ce85bb-3888-4055-a185-15f4b5141672,a2X8c0000054T1O,SBQQ.InstallProcessorBatchQLIPriceBookEntry,228.7
b6b9b7d7-4e42-4bef-bb5b-a799d722bab6,a2X8c0000054T1J,createAddRecommendedProductsAction,228.7
c3380cb3-3a67-41c4-91af-2d603a70a095,a2X8c0000054T1L,SBQQ.InstallProcessorBatchQuantityEditable,228.7
c769cb1e-6b2b-4103-82b7-de228ac9f79b,a2X8c0000054T1M,CalculatorReferencedFieldRemover,228.7
ca315159-4acf-4a9a-a11f-eaf62504de1f,a2X8c0000054T1h,SBQQ.RootIdSetterChildAssets,228.7
cbb3c45d-8825-4af6-8c3c-e91c3fa63e60,a2X8c0000054T1a,SBQQ.InstallProcessorBatchHasCS,228.7
d854ccd0-f0b8-427c-bf24-4dcf756f02ef,a2X8c0000054T1d,SBQQ.BatchableConfigAttrReferencedFieldUtil,228.7
eb5b74d1-7973-427e-848e-4ef6f6b76003,a2X8c0000054T1G,viewPricingGuidanceLineAction,228.7
f4ba717b-4bfc-4658-a7cd-a2d1179c8a34,a2X8c0000054T1e,SBQQ.RootIdSetterParentSubscriptions,228.7
fbc42301-6d17-4ade-a3f7-f1843db3dcb0,a2X8c0000054T1N,SBQQ.BatchablePluginTranspileUtil,228.7
fe25c28c-87f4-4961-861e-0789487a8c46,a2X8c0000054T1S,SBQQ.BatchableDSExclusionGenerator,228.7
